loss,accuracy,auc,precision,recall,f1_score,val_loss,val_accuracy,val_auc,val_precision,val_recall,val_f1_score,lr
0.4505895972251892,0.759291410446167,0.8542659282684326,0.7966846227645874,0.6961914896965027,0.743050754070282,0.5094909071922302,0.7557381987571716,0.9055275917053223,0.6892393827438354,0.9310317635536194,0.7920894026756287,0.001
0.3006472587585449,0.8415876626968384,0.933978259563446,0.8852761387825012,0.7848442792892456,0.832035481929779,0.3024258613586426,0.8349958062171936,0.9366081357002258,0.834326446056366,0.8358086347579956,0.8350619077682495,0.001
0.2692461609840393,0.8588862419128418,0.9476816654205322,0.8962979316711426,0.8116446733474731,0.8518684506416321,0.3104190528392792,0.847830057144165,0.9396432638168335,0.9336286783218384,0.748749315738678,0.8310256600379944,0.001
0.24706706404685974,0.873216450214386,0.9573718905448914,0.9034651517868042,0.8356944918632507,0.8682544231414795,0.3084251284599304,0.8376005291938782,0.9397099614143372,0.8248679637908936,0.8570085167884827,0.8406261801719666,0.001
0.22579532861709595,0.8883957266807556,0.9657065868377686,0.9119457602500916,0.8597806692123413,0.8850902915000916,0.31911417841911316,0.8582227826118469,0.94594806432724,0.9416018128395081,0.7636793255805969,0.8433537483215332,0.001
0.18866345286369324,0.9108240008354187,0.9769620895385742,0.927047073841095,0.8918051719665527,0.9090797305107117,0.5100744366645813,0.8587972521781921,0.9199275970458984,0.9322034120559692,0.7737371921539307,0.8456053137779236,0.0005
0.17284759879112244,0.9203602075576782,0.98098224401474,0.9330902099609375,0.9056418538093567,0.9191561937332153,0.928866982460022,0.8493837714195251,0.902802050113678,0.9379493594169617,0.7481223344802856,0.8323450684547424,0.0005
0.1624167561531067,0.9270314574241638,0.9833663105964661,0.9378602504730225,0.9146462082862854,0.9261028170585632,0.3113763928413391,0.8740012049674988,0.9572073817253113,0.9222045540809631,0.8167901039123535,0.8662973642349243,0.0005
0.13734713196754456,0.9398592114448547,0.9882753491401672,0.948672354221344,0.9300218820571899,0.9392495155334473,0.3036707639694214,0.8833168148994446,0.9613467454910278,0.9152432084083557,0.8447561860084534,0.8785831928253174,0.00025
