loss,accuracy,auc,precision,recall,f1_score,val_loss,val_accuracy,val_auc,val_precision,val_recall,val_f1_score,lr
0.5683770775794983,0.686518669128418,0.7614392638206482,0.7145580053329468,0.6210452318191528,0.6645230054855347,0.4042540490627289,0.7927394509315491,0.8883236646652222,0.8103476762771606,0.7641234397888184,0.7865520119667053,0.001
0.4052070081233978,0.7970948219299316,0.8878509402275085,0.8281078338623047,0.7497698664665222,0.7869892120361328,0.8543815016746521,0.7456522583961487,0.8866634964942932,0.6771227121353149,0.9386600852012634,0.7867197394371033,0.001
0.3500771224498749,0.8224145770072937,0.915854275226593,0.8554285764694214,0.7759182453155518,0.8137308359146118,1.5821521282196045,0.680351734161377,0.7429070472717285,0.6552554368972778,0.7605574727058411,0.7039854526519775,0.001
0.3473537266254425,0.8290187120437622,0.918192982673645,0.8627673983573914,0.782451868057251,0.820644199848175,0.43235304951667786,0.7817592024803162,0.905069887638092,0.7327160239219666,0.8868163824081421,0.8024298548698425,0.001
0.261699378490448,0.8754140734672546,0.9558801054954529,0.8965880870819092,0.8486833572387695,0.8719732761383057,0.4164937138557434,0.8249621391296387,0.9161150455474854,0.8652704954147339,0.769596517086029,0.814629077911377,0.0005
0.22136114537715912,0.8997924327850342,0.9693835377693176,0.9147577285766602,0.8817235231399536,0.8979319334030151,10.597749710083008,0.6924744248390198,0.7661575078964233,0.6323467493057251,0.9189623594284058,0.749172568321228,0.0005
0.2154289036989212,0.9051487445831299,0.9713320732116699,0.9181559085845947,0.8895694613456726,0.9036316275596619,0.43290627002716064,0.8062917590141296,0.9053270220756531,0.8183151483535767,0.7871781587600708,0.8024396896362305,0.0005
0.19170579314231873,0.9164209365844727,0.9773825407028198,0.9286306500434875,0.9021553993225098,0.9151965975761414,0.7019622921943665,0.8276908993721008,0.910285234451294,0.8218401074409485,0.8365792632102966,0.8291391730308533,0.00025
